date,open,high,low,close,volume
2018-01-01,100.0,100.6915,99.6253,100.5552,2362006.0
2018-01-02,100.3612,100.5617,98.5397,98.7435,2973445.0
2018-01-03,98.6352,100.2057,98.0534,100.0754,2802765.0
2018-01-04,100.2432,101.8428,99.7777,101.766,3908865.0
2018-01-05,101.7668,102.1956,98.2611,98.3394,2929045.0
2018-01-08,98.4279,98.7594,95.9886,96.122,6319698.0
2018-01-09,96.2924,96.3818,95.7223,96.3546,2335255.0
2018-01-10,96.259,96.5798,95.5293,95.8341,6596165.0
2018-01-11,96.0259,96.3683,95.7435,95.8212,4006902.0
2018-01-12,95.9173,96.0973,94.1961,94.4056,7180785.0
2018-01-15,94.0971,96.2606,93.431,95.8968,5616307.0
2018-01-16,96.2628,97.7557,96.1608,97.2373,9146734.0
2018-01-17,97.1084,97.5588,96.9857,97.3663,4958892.0
2018-01-18,96.94,99.3407,96.9055,99.3377,3655361.0
2018-01-19,99.063,100.6543,98.7696,100.1764,6302069.0
2018-01-22,99.9058,99.9536,98.5178,98.6855,6928830.0
2018-01-23,98.6992,99.354,98.5123,99.3456,4953159.0
2018-01-24,99.2736,99.4703,97.3854,97.6953,6037505.0
2018-01-25,97.6082,99.4101,97.4973,99.2369,5237790.0
2018-01-26,99.3996,99.5417,98.5573,99.1656,3752535.0
2018-01-29,99.2547,99.2591,98.4953,98.8588,3822084.0
2018-01-30,98.9414,99.1759,97.2544,97.6943,9166736.0
2018-01-31,97.8003,99.8789,97.6823,99.84,7078012.0
2018-02-01,100.0028,100.0237,99.3567,99.5844,1859350.0
2018-02-02,99.029,99.4251,98.8003,98.8509,9658716.0
2018-02-05,98.7556,99.1916,98.2508,98.2547,7408009.0
2018-02-06,97.6879,99.3658,97.4723,99.1976,1451482.0
2018-02-07,99.2071,100.6347,98.8028,99.8553,7550863.0
2018-02-08,99.854,100.6631,99.6021,100.6011,6306614.0
2018-02-09,100.8794,101.5303,100.7968,101.3849,9237938.0
2018-02-12,101.7035,105.7184,101.673,105.3051,5404342.0
2018-02-13,105.3616,105.5175,104.3904,104.5698,5667225.0
2018-02-14,104.4314,104.638,103.2638,103.6461,3832409.0
2018-02-15,103.7791,103.9027,102.076,102.1855,3894601.0
2018-02-16,102.0428,103.3538,101.7086,103.3185,6561291.0
2018-02-19,103.3182,105.6466,103.1673,105.4136,8449666.0
2018-02-20,105.6887,105.8353,105.1751,105.219,9016028.0
2018-02-21,105.0637,105.3778,103.6582,103.6881,7937292.0
2018-02-22,103.9091,104.2188,101.9516,102.2076,6487943.0
2018-02-23,102.3908,103.4954,102.3687,103.404,5502840.0
2018-02-26,103.1428,105.0755,102.753,104.7855,4056453.0
2018-02-27,105.0555,106.0208,105.018,105.8113,7910716.0
2018-02-28,106.0069,106.6164,104.3143,104.5935,3863304.0
2018-03-01,104.6217,105.2802,104.4672,105.0396,3410880.0
2018-03-02,104.8278,105.7087,104.7646,105.2731,8810788.0
2018-03-05,105.0338,106.0124,104.9161,105.6971,6305556.0
2018-03-06,105.5467,107.5643,105.393,107.3516,4187980.0
2018-03-07,107.5057,107.9543,107.3371,107.7933,8786651.0
2018-03-08,107.5207,109.143,107.234,109.1095,9664143.0
2018-03-09,109.2358,109.6254,108.7693,109.2573,3861860.0
2018-03-12,108.8984,110.0864,108.573,109.8337,5692751.0
2018-03-13,109.7744,111.4896,109.4667,111.0815,5351949.0
2018-03-14,111.1137,111.5001,107.9869,108.2804,7314843.0
2018-03-15,108.9809,109.9151,107.6646,107.689,9559403.0
2018-03-16,107.2966,107.4146,106.672,106.8166,5936762.0
2018-03-19,107.2326,107.4202,105.276,105.6367,8183906.0
2018-03-20,105.6786,105.8349,105.003,105.1423,6360430.0
2018-03-21,105.2567,108.5555,105.1069,107.9691,8983351.0
2018-03-22,108.0029,108.1982,106.1356,106.35,4641293.0
2018-03-23,106.4751,108.5542,106.3742,108.1994,4467223.0
2018-03-26,108.1554,108.6249,104.6806,105.0519,4801775.0
2018-03-27,105.4561,106.001,104.3877,104.4502,9968547.0
2018-03-28,104.324,104.8532,103.5504,104.7674,6502971.0
2018-03-29,105.0812,105.9941,105.0275,105.8735,2373090.0
2018-03-30,105.693,107.3268,105.601,107.2273,1368041.0
2018-04-02,107.2103,108.8124,107.2089,108.756,5668935.0
2018-04-03,108.4475,108.7613,108.0234,108.1066,8251269.0
2018-04-04,108.2367,108.2472,107.1059,107.2459,5313460.0
2018-04-05,107.6559,109.0722,106.9852,108.8989,6041888.0
2018-04-06,108.8766,108.9406,108.2743,108.5496,8185889.0
2018-04-09,108.493,108.6044,105.878,106.1516,5647098.0
2018-04-10,105.8385,106.2853,104.0027,104.0676,9177559.0
2018-04-11,104.0045,104.6215,101.9274,102.4101,6741408.0
2018-04-12,101.9785,103.4099,101.7427,103.3288,7580254.0
2018-04-13,103.0792,103.623,102.6872,103.6055,8033180.0
2018-04-16,103.6676,105.2967,103.401,104.892,6641346.0
2018-04-17,105.258,105.2689,104.1185,104.1213,1450595.0
2018-04-18,104.8952,104.9121,103.8893,104.4298,4846862.0
2018-04-19,104.2677,106.2887,103.874,105.6056,2273376.0
2018-04-20,106.0066,106.2977,104.7177,105.0479,5592933.0
2018-04-23,105.1157,106.0443,104.9686,105.9149,2288495.0
2018-04-24,105.8725,105.9954,104.3541,104.7024,5583702.0
2018-04-25,104.8222,105.185,103.9793,104.0509,4094552.0
2018-04-26,104.068,104.1174,103.2074,103.3694,1183316.0
2018-04-27,103.3996,103.7168,101.0853,101.2283,2123872.0
2018-04-30,101.1189,102.3561,100.8947,102.1181,5527412.0
2018-05-01,101.7403,101.7694,100.9394,101.2925,1709360.0
2018-05-02,100.8788,101.4735,100.6048,101.3312,8703737.0
2018-05-03,101.5063,102.4036,101.4594,102.2106,7828261.0
2018-05-04,102.1358,103.1801,101.8388,103.0355,7383466.0
2018-05-07,102.873,104.3298,102.4909,104.2688,2549059.0
2018-05-08,104.2711,104.468,103.897,104.1047,8161377.0
2018-05-09,104.3236,104.3649,103.0564,103.347,6712232.0
2018-05-10,103.3963,103.6503,102.9757,103.2185,4514364.0
2018-05-11,103.0394,103.0686,99.659,100.208,1003735.0
2018-05-14,100.5332,100.7698,97.3661,97.6984,5760759.0
2018-05-15,98.1066,98.3629,95.0805,95.4609,8163158.0
2018-05-16,95.5859,95.8166,93.6269,93.8117,1301352.0
2018-05-17,94.0533,95.0034,93.4853,94.4908,1473672.0
2018-05-18,94.8013,95.2403,92.8437,93.0087,4446981.0
2018-05-21,93.2868,93.3587,92.1237,92.4054,5604164.0
2018-05-22,92.5555,95.0491,92.4105,94.5627,5269744.0
2018-05-23,94.7124,94.9152,93.7653,93.9856,4835830.0
2018-05-24,94.1148,95.4521,93.8176,95.2316,3296880.0
2018-05-25,94.9551,95.0348,93.6715,93.6914,1538778.0
2018-05-28,93.8651,94.0093,93.3551,93.3676,1281168.0
2018-05-29,93.0327,93.4237,91.622,91.831,1889290.0
2018-05-30,91.6379,91.9258,91.2621,91.2982,7213672.0
2018-05-31,91.6131,92.8984,91.2576,92.6765,8073803.0
2018-06-01,92.8825,92.9414,89.6908,89.9101,4915789.0
2018-06-04,90.2639,90.7225,90.2002,90.6163,1696766.0
2018-06-05,90.5512,91.1473,90.221,91.0118,4741103.0
2018-06-06,90.7344,90.9824,89.6409,90.0776,9870781.0
2018-06-07,90.0203,90.0739,87.618,87.8234,3249880.0
2018-06-08,87.8471,88.0785,87.7713,87.9494,5420035.0
2018-06-11,87.9678,88.0362,86.9502,87.1459,5840473.0
2018-06-12,87.4073,87.5349,87.2325,87.5185,3969433.0
2018-06-13,87.4348,87.5946,87.3946,87.5664,4942241.0
2018-06-14,87.648,90.1484,87.4313,90.0903,5245659.0
2018-06-15,89.8546,90.0629,89.3891,89.7252,5265860.0
2018-06-18,89.8321,89.9817,88.0461,88.1342,7459132.0
2018-06-19,88.135,88.4394,88.0859,88.4277,6227842.0
2018-06-20,88.2523,89.0014,88.0702,88.7859,1480603.0
2018-06-21,88.7305,90.9733,88.5851,90.9548,1056921.0
2018-06-22,90.9105,92.3272,90.8443,92.3195,4696260.0
2018-06-25,92.2535,92.9713,92.0994,92.9175,9169263.0
2018-06-26,93.3529,95.9936,93.341,95.3623,1332049.0
2018-06-27,95.3375,95.4873,93.283,93.3987,1639786.0
2018-06-28,93.3385,93.4567,92.1645,92.3657,7113345.0
2018-06-29,91.8531,92.1475,90.7823,90.8831,5058322.0
2018-07-02,90.6681,90.6948,90.094,90.275,3075686.0
2018-07-03,90.2122,90.8449,87.9465,88.1236,2866355.0
2018-07-04,87.9637,89.2319,87.95,89.1308,6985060.0
2018-07-05,89.4566,89.5436,88.6304,88.7965,5714041.0
2018-07-06,88.7577,88.9704,86.3998,86.5365,6744063.0
2018-07-09,86.8315,86.9231,84.727,85.0139,3522070.0
2018-07-10,85.0278,85.5631,84.7049,85.4992,5737341.0
2018-07-11,85.5076,87.0069,85.2342,86.7866,8740058.0
2018-07-12,86.7662,89.9982,86.6263,89.9121,3849268.0
2018-07-13,89.913,95.027,89.3811,94.6694,4567238.0
2018-07-16,95.0999,95.4065,95.0459,95.3793,2473685.0
2018-07-17,94.794,94.8885,92.8916,93.7442,6748800.0
2018-07-18,93.2478,94.0042,90.2374,90.299,1292599.0
2018-07-19,90.1692,90.8484,90.1002,90.7411,3239917.0
2018-07-20,90.7446,90.9404,89.357,89.4637,7417537.0
2018-07-23,89.6271,89.8137,88.7258,88.8251,1174655.0
2018-07-24,88.9362,89.1878,87.6651,87.8855,9901794.0
2018-07-25,87.7961,88.0428,87.6517,87.6817,4637390.0
2018-07-26,87.9181,89.458,87.4495,89.3603,4588318.0
2018-07-27,89.6039,89.657,89.5396,89.6227,5828378.0
2018-07-30,89.6664,89.6835,89.3142,89.3868,6752645.0
2018-07-31,89.6144,89.8111,87.5436,87.783,5135924.0
2018-08-01,87.8463,88.0694,85.1347,85.2417,8958246.0
2018-08-02,85.1151,85.3897,84.4933,84.5273,9658129.0
2018-08-03,84.6834,84.7404,84.3067,84.4609,2803154.0
2018-08-06,84.4856,87.3074,84.2888,87.1502,7361552.0
2018-08-07,87.1505,87.452,86.452,87.3649,3708217.0
2018-08-08,87.7053,89.1227,87.636,88.9068,9961028.0
2018-08-09,88.3303,88.5099,87.7563,88.1416,3279845.0
2018-08-10,87.811,88.0069,86.1516,86.3325,3655540.0
2018-08-13,86.0613,86.196,84.8759,84.889,7428146.0
2018-08-14,84.8074,85.0476,83.6861,83.8236,8101479.0
2018-08-15,83.7671,87.3843,83.6277,87.0445,2157256.0
2018-08-16,86.6973,86.8621,85.6322,85.8064,6000026.0
2018-08-17,85.5827,87.257,85.4171,87.0989,4111059.0
2018-08-20,86.9006,87.2257,85.6491,85.7367,6505843.0
2018-08-21,86.2941,87.9067,86.0673,87.1712,6010573.0
2018-08-22,87.5867,88.2294,87.4239,87.7793,9872678.0
2018-08-23,87.6837,87.8779,87.3102,87.5513,9403003.0
2018-08-24,87.4671,87.6643,87.1552,87.5025,6885884.0
2018-08-27,87.2365,87.4591,86.2355,86.5117,7114739.0
2018-08-28,86.075,87.4911,85.8972,87.2092,9089352.0
2018-08-29,87.1822,87.2606,86.2726,86.5262,2651410.0
2018-08-30,86.2977,86.6127,84.6795,84.6894,7531752.0
2018-08-31,84.6704,84.7555,82.6223,82.8152,7948691.0
2018-09-03,82.4646,83.0941,82.0289,83.0812,2146475.0
2018-09-04,82.9137,85.5649,82.699,85.4416,8931790.0
2018-09-05,85.4752,85.8274,85.4297,85.6969,7294813.0
2018-09-06,85.7799,85.9351,85.3707,85.5316,4124197.0
2018-09-07,85.6261,86.0741,85.5285,85.9778,5358840.0
2018-09-10,85.6774,88.5556,85.4237,87.9956,5406385.0
2018-09-11,88.1946,88.4132,87.7982,88.3511,9269181.0
2018-09-12,88.164,88.6566,87.5398,87.7272,9723199.0
2018-09-13,87.8741,89.7394,87.7252,89.4703,8261510.0
2018-09-14,89.4678,90.6349,89.2826,90.1641,6869879.0
2018-09-17,89.8358,92.6597,89.4671,92.6549,1937212.0
2018-09-18,92.5774,93.0039,92.3049,92.9699,9233415.0
2018-09-19,93.0598,93.1905,90.8008,90.9982,2205240.0
2018-09-20,91.1458,91.6957,88.7477,88.8429,2501273.0
2018-09-21,88.8098,91.6335,88.4469,91.4828,1626499.0
2018-09-24,91.8536,94.5276,91.4617,94.3221,9529734.0
2018-09-25,94.5736,94.8377,93.8073,94.0392,5439203.0
2018-09-26,93.9753,94.257,93.3967,93.4208,3123713.0
2018-09-27,93.6062,95.8864,93.2747,95.8758,1726945.0
2018-09-28,96.3663,96.4164,94.0044,94.0371,4707928.0
2018-10-01,94.5249,95.0513,92.2857,92.5797,7513105.0
2018-10-02,92.2789,93.702,91.9185,93.6513,9951048.0
2018-10-03,93.4218,93.4257,92.9592,93.0168,5971227.0
2018-10-04,93.3823,93.4425,92.7375,93.0235,6464193.0
2018-10-05,92.763,92.9971,92.6466,92.7707,8522965.0
2018-10-08,92.4461,93.4909,92.287,93.3399,9116479.0
2018-10-09,93.2198,95.7524,92.8944,95.7016,3518162.0
2018-10-10,95.808,95.8962,95.72,95.8701,9927048.0
2018-10-11,95.8442,97.1569,95.5266,96.9809,5672267.0
2018-10-12,96.814,97.1279,93.4313,93.5517,9371262.0
2018-10-15,93.3849,93.5691,93.2888,93.4865,2057317.0
2018-10-16,93.3103,93.438,91.9887,92.1213,1876852.0
2018-10-17,91.9069,92.0276,90.0899,90.1766,8961490.0
2018-10-18,90.721,90.8872,88.533,88.805,7053120.0
2018-10-19,88.8749,88.9907,88.1522,88.2975,2575044.0
2018-10-22,88.5046,89.9628,88.4937,89.75,9054292.0
2018-10-23,89.6339,89.8973,87.6727,87.6888,1921260.0
2018-10-24,87.6457,88.0905,87.4606,87.7504,7140686.0
2018-10-25,87.5848,88.052,86.7507,87.0183,2845455.0
2018-10-26,86.4078,86.7558,86.1442,86.5309,1635384.0
2018-10-29,86.2154,88.0929,86.0948,88.0892,8256083.0
2018-10-30,87.6672,88.9467,87.3209,88.9437,8626594.0
2018-10-31,88.4143,91.1083,88.0938,91.0815,1952330.0
2018-11-01,90.7935,91.0253,90.1849,90.8483,1838187.0
2018-11-02,91.1668,91.5731,89.4847,89.7545,6529847.0
2018-11-05,89.7439,89.7689,89.0325,89.4153,1258386.0
2018-11-06,89.7206,90.0201,89.6976,89.8131,7715631.0
2018-11-07,89.9107,90.1311,89.4626,90.1078,9240934.0
2018-11-08,90.2944,90.5095,87.9259,88.415,7759730.0
2018-11-09,88.2043,88.8628,88.1368,88.5706,3076188.0
2018-11-12,88.6934,89.0048,88.5359,88.9423,2710547.0
2018-11-13,89.1138,93.0378,88.8693,92.9957,7125405.0
2018-11-14,92.8539,96.3085,92.8364,96.1414,1554615.0
2018-11-15,96.2837,96.9151,94.5457,94.7207,5839297.0
2018-11-16,94.8625,94.9415,93.8462,94.257,5039257.0
2018-11-19,94.1199,94.2569,91.7463,91.87,7701351.0
2018-11-20,91.5971,91.8932,90.5206,90.9325,2822368.0
2018-11-21,90.6476,91.808,90.3552,91.4549,7860934.0
2018-11-22,91.4758,93.8797,91.2371,93.436,7293437.0
2018-11-23,93.5169,93.7759,92.1229,92.2571,3148423.0
2018-11-26,92.0636,92.3519,91.0641,91.2135,4210235.0
2018-11-27,91.2199,91.2306,87.5485,87.8376,1594134.0
2018-11-28,87.9702,87.994,87.4053,87.6002,5044185.0
2018-11-29,87.7434,87.981,85.7533,85.9878,3345403.0
2018-11-30,86.3409,86.4199,84.908,85.2023,2021364.0
2018-12-03,85.4902,85.8055,83.628,83.9083,6039211.0
2018-12-04,83.686,83.985,83.4719,83.7825,6107952.0
2018-12-05,84.1557,84.5075,81.1747,81.2379,1773501.0
2018-12-06,81.1238,81.3532,79.1142,79.1756,2669717.0
2018-12-07,79.3945,82.3404,79.2789,82.219,1743403.0
2018-12-10,82.2338,82.3869,80.3047,80.386,7110870.0
2018-12-11,80.2983,80.6795,78.659,78.8586,4042280.0
2018-12-12,78.4815,81.6507,78.1636,81.4687,1640519.0
2018-12-13,81.4317,85.7799,81.2186,85.7659,2723842.0
2018-12-14,85.412,85.7107,83.9785,84.0253,9783051.0
2018-12-17,84.2404,84.5023,83.207,83.4949,3301783.0
2018-12-18,83.8299,84.0343,83.8187,84.013,7160742.0
2018-12-19,83.8359,86.8036,83.4824,86.6281,5215938.0
2018-12-20,86.6973,87.3167,84.9003,85.1471,2635566.0
2018-12-21,84.9837,85.2472,84.699,84.7932,3766472.0
2018-12-24,84.6522,86.2827,84.5654,85.9777,1126851.0
2018-12-25,86.1539,86.7399,85.9866,86.6536,7722890.0
2018-12-26,86.6448,86.7089,85.6699,86.0945,4010166.0
2018-12-27,86.4908,86.7722,85.6796,85.9055,5493190.0
2018-12-28,85.7959,85.9377,83.7759,83.8608,2375319.0
2018-12-31,84.0826,84.6822,83.4959,83.5228,8417908.0
2019-01-01,83.5443,83.741,82.8723,83.1447,2965701.0
2019-01-02,83.3198,83.534,83.2372,83.4994,6096551.0
2019-01-03,83.4006,83.4494,82.299,82.6989,8854752.0
2019-01-04,82.6881,83.5226,82.5664,83.4031,7418768.0
2019-01-07,83.3776,85.1211,83.2788,84.9201,6428841.0
2019-01-08,84.7322,85.3224,84.0333,85.167,8992349.0
2019-01-09,85.3162,85.766,85.3062,85.7109,2588118.0
2019-01-10,85.8584,86.3339,85.7246,85.8052,9671974.0
2019-01-11,85.9399,86.0574,85.6085,85.8192,6009934.0
2019-01-14,86.1682,86.2758,84.4727,84.7476,4688710.0
2019-01-15,85.0726,85.5147,84.9893,85.2358,3302025.0
2019-01-16,85.1513,85.3125,85.0582,85.1035,7704329.0
2019-01-17,85.1875,88.5592,85.0911,88.3185,9785807.0
2019-01-18,88.1728,90.8531,87.6658,90.8185,7211015.0
2019-01-21,90.8241,92.2941,90.5157,91.4535,1294815.0
2019-01-22,91.3084,91.6585,89.9853,90.2455,5221785.0
2019-01-23,90.6323,91.1452,87.9461,88.5064,7590865.0
2019-01-24,88.5915,90.5484,88.3879,90.4002,4576924.0
2019-01-25,90.348,91.3755,90.2397,90.8348,7956973.0
2019-01-28,91.1217,91.9617,90.645,91.6222,7365612.0
2019-01-29,91.096,91.0996,88.6552,88.8601,1604464.0
2019-01-30,88.3866,90.6398,88.2389,90.3403,6021706.0
2019-01-31,90.5305,91.1578,90.1763,91.0821,2546824.0
2019-02-01,91.0967,91.222,89.1315,89.3299,5378668.0
2019-02-04,89.3891,89.4865,88.3362,88.6044,4458759.0
2019-02-05,88.2935,89.2182,87.9335,89.0319,8262096.0
2019-02-06,89.0265,89.7378,88.7398,89.1288,8813393.0
2019-02-07,89.6013,89.8623,88.577,88.685,5153219.0
2019-02-08,88.8784,89.2998,88.2644,88.5376,5832999.0
2019-02-11,88.5774,88.6961,88.1018,88.1593,6634811.0
2019-02-12,88.0569,88.7139,87.9836,88.4111,6897761.0
2019-02-13,88.3188,91.078,88.1878,90.7505,6718316.0
2019-02-14,90.2393,90.3548,86.6036,86.7478,8047115.0
2019-02-15,86.8069,87.1103,86.249,86.4001,9837806.0
2019-02-18,86.5934,86.9248,86.4322,86.6836,8453105.0
2019-02-19,86.3222,87.824,86.2077,87.1514,2212421.0
2019-02-20,86.9989,87.1947,86.5798,86.5956,5286560.0
2019-02-21,86.3304,86.4618,83.8559,83.9671,5151629.0
2019-02-22,83.7527,84.5455,83.7146,84.468,5579138.0
2019-02-25,84.4799,87.2233,84.3405,87.0952,5756163.0
2019-02-26,86.6149,86.8462,84.2598,84.7842,7462052.0
2019-02-27,84.922,86.8134,84.6827,86.0998,4789139.0
2019-02-28,86.2716,86.3841,85.3655,85.6162,3370081.0
2019-03-01,85.5593,85.6541,84.745,85.5375,5118305.0
2019-03-04,84.9761,85.1018,83.8472,83.9772,8690407.0
2019-03-05,83.7558,84.2421,83.3754,83.4968,3802889.0
2019-03-06,83.7692,85.4508,83.5922,85.4474,1187081.0
2019-03-07,84.8194,86.6785,84.5626,86.344,9786602.0
2019-03-08,86.2646,89.1072,86.1498,89.0374,2761944.0
2019-03-11,88.7594,91.146,88.6247,90.9206,6425600.0
2019-03-12,91.1141,91.7191,90.9371,91.6423,8201799.0
2019-03-13,91.4786,94.9085,91.4308,94.5203,3470191.0
2019-03-14,94.6213,95.2865,94.5821,95.2705,4062323.0
2019-03-15,95.413,96.8316,95.1017,96.6877,3524446.0
2019-03-18,97.1574,97.2642,95.9497,96.1988,2348495.0
2019-03-19,96.1472,96.4107,96.1005,96.3274,2376518.0
2019-03-20,96.4232,96.5404,94.9738,95.1651,2680792.0
2019-03-21,94.7912,97.5057,94.4683,96.8564,5122449.0
2019-03-22,97.1615,97.2403,94.6593,94.8796,5776807.0
2019-03-25,94.6887,96.3346,94.2324,96.2135,1143885.0
2019-03-26,96.0707,96.4333,95.8159,95.906,8615633.0
2019-03-27,95.9004,98.2588,95.8528,97.9238,7083203.0
2019-03-28,97.5189,99.2489,97.291,99.2454,1635856.0
2019-03-29,99.3055,103.2337,99.0343,102.5008,8584457.0
2019-04-01,102.7632,104.0083,102.6756,103.8474,1274328.0
2019-04-02,103.9278,104.6198,100.8464,101.0238,6044745.0
2019-04-03,100.5991,101.3659,100.5797,100.9209,5186513.0
2019-04-04,100.8878,100.9391,98.6722,98.872,5519255.0
2019-04-05,99.0661,99.3632,97.9114,97.9882,9605686.0
2019-04-08,97.5013,100.9239,97.4957,100.6515,9343561.0
2019-04-09,100.3653,102.2804,100.3549,101.8062,3511088.0
2019-04-10,102.0423,102.1221,100.0062,100.5751,6216969.0
2019-04-11,100.647,100.6572,98.691,98.8088,9632534.0
2019-04-12,98.9165,99.0624,98.8653,98.882,7559710.0
2019-04-15,99.3684,99.3937,96.7167,96.7984,8989130.0
2019-04-16,96.9184,97.7231,95.6039,95.6748,4913402.0
2019-04-17,95.8413,96.4592,95.701,96.2183,3548215.0
2019-04-18,96.9084,98.5243,96.5947,98.2151,5595913.0
2019-04-19,98.1595,99.5428,97.6801,99.2914,8352532.0
2019-04-22,99.0818,99.5216,95.2744,95.374,9359325.0
2019-04-23,95.482,95.9577,95.2631,95.903,7172805.0
2019-04-24,96.0144,96.6325,95.5283,96.0404,7358728.0
2019-04-25,95.9066,96.8145,95.6816,96.7598,5606401.0
2019-04-26,96.4955,99.8165,96.0705,99.574,3876446.0
2019-04-29,100.1825,100.474,95.964,96.031,4806245.0
2019-04-30,96.114,96.1648,94.9771,95.0503,5479365.0
2019-05-01,94.8662,96.2611,94.8156,96.0617,8339524.0
2019-05-02,96.2945,96.7284,93.2829,93.4341,5998147.0
2019-05-03,93.4071,96.1296,93.1501,95.9139,8137714.0
2019-05-06,95.8498,96.7435,95.8311,96.5548,1246251.0
2019-05-07,96.6984,98.206,96.5765,98.0232,7812427.0
2019-05-08,97.6882,97.6991,96.8164,97.0568,5563604.0
2019-05-09,97.1473,98.5342,96.9125,98.4759,9984303.0
2019-05-10,98.9743,100.7224,98.8718,100.3656,5245493.0
2019-05-13,100.4894,101.4562,99.6743,100.795,5306612.0
2019-05-14,100.6947,101.2746,100.5069,101.229,2147249.0
2019-05-15,101.0932,101.8282,100.9341,101.7293,8262306.0
2019-05-16,101.6189,101.9875,99.9016,100.2081,7313737.0
2019-05-17,100.1408,100.6129,99.9142,99.9639,8762305.0
2019-05-20,99.864,100.3343,99.6947,99.7115,1834741.0
2019-05-21,99.9532,100.7049,99.2758,100.4043,2904423.0
2019-05-22,99.9439,102.3152,99.8793,102.2072,8892786.0
2019-05-23,102.4403,102.5879,100.0535,100.3329,1378597.0
2019-05-24,100.2321,100.9934,99.9822,100.1281,5573841.0
2019-05-27,100.228,103.2521,99.8425,102.7956,4642735.0
2019-05-28,102.4891,102.8333,101.4635,101.4726,9454827.0
2019-05-29,101.8293,101.9478,99.9428,100.0278,8710630.0
2019-05-30,100.3574,100.6676,100.2662,100.4016,9070421.0
2019-05-31,100.6565,102.1658,100.6188,101.9246,3601929.0
2019-06-03,101.5161,102.2983,101.4384,101.9617,6287569.0
2019-06-04,102.1853,104.4715,101.7144,104.3968,7300091.0
2019-06-05,104.5087,106.0402,104.0455,106.0037,9707217.0
2019-06-06,105.5535,108.121,105.3686,107.6068,1066133.0
2019-06-07,107.5999,108.7969,107.5972,108.6813,9793242.0
2019-06-10,108.7861,114.0833,108.5876,113.2545,4198279.0
2019-06-11,113.4211,113.5928,112.652,112.8637,2154467.0
2019-06-12,112.9166,113.1534,108.8712,108.9625,6539650.0
2019-06-13,109.0464,112.1223,108.7308,112.1079,8033888.0
2019-06-14,112.545,112.5743,111.1317,111.2245,2167814.0
2019-06-17,111.5853,111.6769,111.3789,111.4544,1366966.0
2019-06-18,110.609,114.3477,110.5012,114.0772,9069462.0
2019-06-19,113.9814,114.5056,110.2913,110.9164,9403370.0
2019-06-20,110.8681,111.04,108.2943,108.5121,2406465.0
2019-06-21,108.009,108.2307,105.484,105.5072,9136554.0
2019-06-24,105.5335,105.7279,103.9235,104.0565,9188141.0
2019-06-25,104.4003,105.3897,104.393,104.8835,9976829.0
2019-06-26,104.582,106.0872,104.4249,105.8749,2947503.0
2019-06-27,105.9691,106.7678,105.4766,106.4093,6209062.0
2019-06-28,106.1515,106.1658,103.6482,103.8073,9948508.0
2019-07-01,103.6227,104.2323,99.3576,99.6787,9123788.0
2019-07-02,100.0683,100.2802,99.2735,99.7904,6442738.0
2019-07-03,99.6472,100.1434,98.7432,98.9795,2774073.0
2019-07-04,99.1005,99.8934,98.7892,99.8009,1759104.0
2019-07-05,99.3068,101.3297,99.1329,101.0606,3332512.0
2019-07-08,101.5586,101.912,101.1411,101.3238,1587495.0
2019-07-09,101.4853,102.8442,101.2101,102.708,2757376.0
2019-07-10,102.6584,103.1975,102.5783,103.1408,1674295.0
2019-07-11,103.2979,104.3277,102.722,104.1265,7860078.0
2019-07-12,103.7381,103.9213,102.7044,102.857,6309034.0
2019-07-15,103.1788,103.3168,102.4255,102.5482,5660981.0
2019-07-16,102.4603,103.2241,102.2067,102.9214,8286212.0
2019-07-17,102.8658,104.5268,102.6458,104.4387,4697337.0
2019-07-18,104.3029,104.5211,103.4054,103.7327,4626664.0
2019-07-19,103.5733,104.9796,103.1024,104.7076,2862328.0
2019-07-22,104.9001,105.4185,103.8445,104.2347,5003521.0
2019-07-23,104.3052,104.3962,103.8141,104.0356,2570652.0
2019-07-24,104.215,105.6984,103.6926,105.5861,6303589.0
2019-07-25,105.5836,106.335,101.8044,101.9553,9977133.0
2019-07-26,102.0937,102.2578,99.6543,99.6664,5797365.0
2019-07-29,99.556,99.8251,96.4708,97.1103,3691328.0
2019-07-30,97.6832,98.1449,92.6438,93.2093,7192555.0
2019-07-31,92.8227,93.2968,92.08,92.1158,8380062.0
2019-08-01,92.4231,93.7603,92.3238,93.3566,5246071.0
2019-08-02,93.6945,94.0065,92.5956,92.9038,3252933.0
2019-08-05,92.6943,93.6231,92.6761,93.2435,7424746.0
2019-08-06,93.7935,95.2801,93.7611,95.0676,2685423.0
2019-08-07,95.318,97.5206,95.048,97.336,9975796.0
2019-08-08,97.5861,97.7665,97.1932,97.2331,3860313.0
2019-08-09,97.2403,100.2939,96.882,99.5986,4152680.0
2019-08-12,99.5414,100.3338,99.539,99.7767,7542396.0
2019-08-13,99.7214,99.8054,98.2957,98.3297,1109939.0
2019-08-14,98.4313,98.889,97.0092,97.32,2825807.0
2019-08-15,97.6807,97.8084,94.5484,94.8268,2130625.0
2019-08-16,94.8723,94.901,92.5797,93.368,4519548.0
2019-08-19,93.1428,93.4596,92.6908,92.7953,5981627.0
2019-08-20,92.9977,94.7301,92.8914,94.1351,2616491.0
2019-08-21,94.3646,97.2198,94.2159,97.0518,4098320.0
2019-08-22,97.2199,97.2248,94.1962,94.7297,7949785.0
2019-08-23,94.9165,95.9253,94.6909,95.4038,9459843.0
2019-08-26,95.3354,95.7707,93.2328,93.6839,1128513.0
2019-08-27,93.4537,94.7782,93.0602,94.4869,6647014.0
2019-08-28,94.2699,94.572,94.1735,94.284,1231149.0
2019-08-29,93.876,93.9049,91.2732,91.3026,5683196.0
2019-08-30,91.3598,92.8924,91.0092,92.8248,8915238.0
2019-09-02,92.8044,93.0711,91.7094,91.8544,8182355.0
2019-09-03,91.7475,92.0181,90.8304,91.0082,3094490.0
2019-09-04,90.2966,90.3714,89.2947,89.3216,3327308.0
2019-09-05,89.0268,89.2927,88.2357,88.311,8051622.0
2019-09-06,88.5729,89.0291,88.0614,88.9944,8377646.0
2019-09-09,88.8379,88.8566,88.1847,88.7122,3528154.0
2019-09-10,88.7969,89.3954,88.7845,89.2424,1027549.0
2019-09-11,88.9141,90.0903,88.897,89.8285,5000107.0
2019-09-12,90.1704,92.1645,90.0694,91.9604,6577096.0
2019-09-13,91.9254,92.1513,91.1176,91.4209,4993777.0
2019-09-16,91.4911,92.2057,88.9967,89.0846,9412814.0
2019-09-17,89.6328,90.8946,89.5195,90.7921,8322407.0
2019-09-18,91.1564,91.2817,90.0124,90.2774,8090739.0
2019-09-19,90.2042,92.2972,90.0586,92.0847,1182596.0
2019-09-20,91.9402,92.9524,91.9298,92.7245,8682707.0
2019-09-23,92.6447,92.7934,92.0864,92.5253,7797196.0
2019-09-24,92.6501,93.2239,92.4544,93.1113,4572592.0
2019-09-25,93.0854,96.5434,92.5434,96.3869,6305942.0
2019-09-26,96.2861,100.2479,96.0778,99.9997,8418150.0
2019-09-27,100.3878,100.5115,99.6992,100.1383,9155998.0
2019-09-30,100.1081,100.4649,99.854,100.4379,5957484.0
2019-10-01,101.049,102.6852,100.9774,102.3793,1372103.0
2019-10-02,102.4039,102.5896,100.5945,100.8799,6566862.0
2019-10-03,101.3564,102.0517,101.2871,101.4907,7120167.0
2019-10-04,101.5867,102.1708,101.2258,101.4609,1530238.0
2019-10-07,101.7194,102.4262,101.6883,102.0407,8355790.0
2019-10-08,101.8451,102.2463,100.1418,100.568,2813965.0
2019-10-09,100.3409,100.3874,97.4175,97.8034,9014170.0
2019-10-10,97.9223,98.2716,93.9164,94.3071,5958679.0
2019-10-11,94.5538,94.7531,92.3453,92.4816,3899146.0
2019-10-14,92.4915,92.7063,91.1832,91.7513,1529209.0
2019-10-15,91.439,91.5599,90.9197,91.2928,1160791.0
2019-10-16,90.9643,94.8563,90.4469,94.4815,7673021.0
2019-10-17,94.1247,96.5496,93.7234,96.3583,4394445.0
2019-10-18,95.9076,95.9123,94.4861,94.7523,8560513.0
2019-10-21,94.7797,95.4825,94.3403,95.3506,3074708.0
2019-10-22,95.6344,95.7587,94.5976,94.6837,9283261.0
2019-10-23,94.6804,94.7735,93.9156,94.2253,9474197.0
2019-10-24,93.6618,94.7148,93.5071,94.5491,1915916.0
2019-10-25,94.5014,95.8631,94.1302,95.6028,6822417.0
2019-10-28,95.5616,95.5721,94.8737,95.0478,9457482.0
2019-10-29,95.5749,97.4542,94.962,96.8639,3907835.0
2019-10-30,96.4904,96.5517,94.8843,94.9477,1608580.0
2019-10-31,94.8496,95.1909,94.5258,94.9737,8879332.0
2019-11-01,95.4024,99.5262,95.3971,99.4426,5266505.0
2019-11-04,99.561,100.395,99.412,99.8509,1243657.0
2019-11-05,99.9997,102.6946,99.7329,102.4238,8562259.0
2019-11-06,102.4548,102.6728,102.1552,102.6059,7109743.0
2019-11-07,102.6954,103.6903,102.2918,103.6792,1632800.0
2019-11-08,103.8925,103.9237,103.3204,103.5921,3328065.0
2019-11-11,103.3703,103.4057,102.9628,103.298,1164079.0
2019-11-12,103.5379,103.5712,101.6799,101.904,9593850.0
2019-11-13,101.5338,102.9582,101.4529,102.697,1224529.0
2019-11-14,102.7862,103.211,101.1552,101.1824,8162683.0
2019-11-15,101.2302,102.3945,101.1582,102.3938,5601432.0
2019-11-18,102.2269,104.645,101.8551,104.3897,6244591.0
2019-11-19,104.3834,105.305,104.0843,105.0838,8304370.0
2019-11-20,104.9107,105.1518,104.483,104.5715,9054683.0
2019-11-21,104.275,105.6702,104.1994,105.4292,2146840.0
2019-11-22,105.3306,105.6752,104.4204,104.8738,1160898.0
2019-11-25,104.5674,107.3432,104.5543,106.636,2121492.0
2019-11-26,106.727,106.7661,102.9522,103.2631,7142569.0
2019-11-27,102.9488,103.626,102.3378,102.6702,6116921.0
2019-11-28,102.8636,103.0327,99.0748,99.1436,1754950.0
2019-11-29,98.8337,99.1989,96.4066,96.5789,3108660.0
2019-12-02,96.4342,99.1106,96.3638,98.9465,5835154.0
2019-12-03,98.783,100.6125,98.3911,100.5375,7571923.0
2019-12-04,100.89,101.1952,99.0963,99.2857,4090652.0
2019-12-05,99.3725,99.5169,96.3593,96.7047,9546718.0
2019-12-06,96.6505,97.0036,91.7484,91.7929,9930203.0
2019-12-09,91.914,92.1675,90.4822,90.9318,7894300.0
2019-12-10,90.4249,95.3466,90.3757,94.9133,5088380.0
2019-12-11,94.9025,95.7626,94.775,95.6597,8894578.0
2019-12-12,96.1652,96.4264,94.5804,94.7355,7551074.0
2019-12-13,94.7687,95.6193,94.474,95.5313,5676274.0
2019-12-16,95.5485,95.7209,92.8096,92.952,4994024.0
2019-12-17,93.0868,93.5634,92.0941,92.4808,8490873.0
2019-12-18,92.6999,92.76,92.4843,92.6582,6013648.0
2019-12-19,92.1685,92.756,91.8711,92.5325,2646128.0
2019-12-20,92.1207,93.8823,92.0221,93.8475,9998311.0
2019-12-23,93.8997,94.6012,93.8139,94.435,1615131.0
2019-12-24,94.2564,95.5734,94.1301,95.5703,7255114.0
2019-12-25,95.902,96.3152,94.4152,94.4322,6903577.0
2019-12-26,94.3534,96.1149,94.3499,95.9551,6275506.0
2019-12-27,95.4639,99.2751,95.2758,98.768,1467572.0
2019-12-30,98.4366,98.5002,96.8961,97.108,5433368.0
2019-12-31,96.4015,96.917,95.6033,95.6148,9032332.0
2020-01-01,95.5556,97.973,95.4661,97.9102,3155824.0
2020-01-02,97.8614,98.39,97.1319,97.5961,7223987.0
2020-01-03,97.4865,100.6273,97.2173,100.0591,8728782.0
2020-01-06,100.3447,100.5501,98.83,99.2972,9569806.0
2020-01-07,99.612,101.9165,99.4971,101.8951,5645253.0
2020-01-08,101.8491,102.262,101.4447,102.1482,3824979.0
2020-01-09,101.5713,102.9644,101.1019,102.6311,7296560.0
2020-01-10,102.7988,105.6918,102.7642,105.5202,5375424.0
2020-01-13,105.6752,106.0393,104.3748,104.866,6643788.0
2020-01-14,104.9518,105.1225,103.0985,103.1563,7675213.0
2020-01-15,103.4242,103.5001,101.9586,102.3599,7392557.0
2020-01-16,102.0445,103.2416,101.9367,103.1966,3185010.0
2020-01-17,103.745,103.7995,100.2599,100.4018,7802169.0
2020-01-20,100.1469,101.8721,99.7456,101.5535,5876639.0
2020-01-21,101.7548,102.019,100.3263,100.6093,9376901.0
2020-01-22,100.1602,103.1832,100.0595,102.6836,6935205.0
2020-01-23,102.4308,102.6197,98.1985,98.4534,9026267.0
2020-01-24,98.8484,99.0356,96.8754,97.1126,9809277.0
2020-01-27,97.0456,97.1854,94.2316,94.2817,9950572.0
2020-01-28,94.4912,94.6068,92.8346,92.9327,7702329.0
2020-01-29,92.991,93.4444,92.948,93.3547,6375658.0
2020-01-30,93.3287,93.5492,92.9621,93.0751,2063177.0
2020-01-31,93.4109,93.4237,92.601,92.675,4475115.0
2020-02-03,92.617,92.7524,92.2502,92.4302,5278001.0
2020-02-04,91.9947,92.8642,91.5516,92.7774,8024727.0
2020-02-05,92.5802,93.1414,90.8695,91.1563,6298937.0
2020-02-06,91.2892,92.7954,91.0809,92.3149,4952178.0
2020-02-07,92.4115,93.5554,92.2539,93.4153,2319608.0
2020-02-10,93.028,94.541,92.8208,94.0671,7442238.0
2020-02-11,93.8869,95.0413,93.5532,95.0105,4887694.0
2020-02-12,94.8642,95.6482,94.57,95.524,1325283.0
2020-02-13,95.4316,99.6506,94.9437,99.0312,3556052.0
2020-02-14,98.6707,99.0106,98.3963,98.8952,8915134.0
2020-02-17,98.7307,98.8433,98.3023,98.3769,2069447.0
2020-02-18,98.1872,98.8056,97.0321,97.0937,4655307.0
2020-02-19,97.2919,97.537,95.2401,95.3573,5608377.0
2020-02-20,95.5615,95.9728,93.1394,93.3021,1753679.0
2020-02-21,93.2661,93.683,91.6379,91.8657,2490697.0
2020-02-24,91.7704,91.8692,91.5685,91.7661,9462445.0
2020-02-25,91.8001,92.3365,91.7688,92.3237,6314836.0
2020-02-26,92.1243,92.7903,91.7771,92.422,2893062.0
2020-02-27,92.1416,92.6066,91.1507,91.1972,2527272.0
2020-02-28,90.9703,92.9869,90.5934,92.6718,4831616.0
2020-03-02,92.5161,94.1688,92.0508,93.9035,7512354.0
2020-03-03,93.6145,93.7112,93.413,93.6546,7573554.0
2020-03-04,93.6948,93.8183,92.2666,92.5972,2757174.0
2020-03-05,92.776,94.0201,92.6395,93.5125,7530641.0
2020-03-06,93.1198,93.9703,92.8821,93.8382,9066565.0
2020-03-09,93.8444,94.4844,91.2873,91.4865,3037039.0
2020-03-10,91.4333,91.6088,91.1764,91.3917,1235884.0
2020-03-11,91.4742,92.2358,91.3745,91.8299,9630013.0
2020-03-12,91.8268,91.8772,90.3791,90.3988,5697976.0
2020-03-13,90.0511,90.7366,89.8868,90.7167,7988099.0
2020-03-16,90.4137,90.5171,87.9292,88.4328,3880942.0
2020-03-17,88.4396,90.778,88.3495,90.5564,3692517.0
2020-03-18,90.8029,92.8545,90.7522,92.5868,3025688.0
2020-03-19,92.0444,92.5404,91.8904,92.1902,2953191.0
2020-03-20,92.2745,93.1802,91.9043,92.7982,5244425.0
2020-03-23,93.0902,93.367,88.7785,88.9506,1952056.0
2020-03-24,88.9146,89.1728,86.6316,87.1689,8578175.0
2020-03-25,87.2958,87.3185,86.712,86.7324,5601043.0
2020-03-26,86.5711,86.6593,85.1057,85.1214,9237494.0
2020-03-27,85.0945,86.3338,85.0157,86.2148,5519709.0
2020-03-30,85.845,89.5871,85.3216,89.3206,3729237.0
2020-03-31,88.7666,88.7886,87.2315,87.5002,5634228.0
2020-04-01,87.7184,88.0895,86.1786,86.2311,2388192.0
2020-04-02,86.0064,86.6844,85.8001,86.604,8416833.0
2020-04-03,86.4996,89.2817,86.3577,89.1148,7481264.0
2020-04-06,88.7879,89.0099,87.2151,87.2281,2324373.0
2020-04-07,86.9027,88.1938,86.5515,87.6263,6237988.0
2020-04-08,87.586,90.6292,87.1128,90.5016,5841944.0
2020-04-09,90.3269,90.5201,87.799,87.9172,2809145.0
2020-04-10,88.0051,88.4297,85.8697,85.9668,2098782.0
2020-04-13,86.0697,86.2822,84.7025,85.3407,7842662.0
2020-04-14,85.4131,85.7303,84.4659,84.5744,3376377.0
2020-04-15,84.6277,85.883,84.4827,85.8092,5670373.0
2020-04-16,86.1674,86.6845,85.7085,86.1897,3229397.0
2020-04-17,85.9462,86.2139,83.1967,83.5466,6880556.0
2020-04-20,83.5345,84.4608,83.2918,84.3233,1440894.0
2020-04-21,84.576,84.934,82.8766,83.4821,4234051.0
2020-04-22,83.7614,85.4163,83.4123,85.3938,5923543.0
2020-04-23,85.0726,85.1248,84.0979,84.4674,4951878.0
2020-04-24,84.3976,84.6961,83.5202,83.5378,6511524.0
2020-04-27,83.838,84.5797,83.6352,84.3526,2623078.0
2020-04-28,84.466,85.7639,84.0485,85.5092,4976237.0
2020-04-29,85.5534,86.2525,85.1766,86.2017,7808642.0
2020-04-30,86.1521,86.3659,83.4926,83.6901,4002410.0
2020-05-01,83.6051,84.8392,83.5954,84.5018,2413101.0
2020-05-04,84.5662,84.9894,82.827,82.9876,8629749.0
2020-05-05,82.9322,83.5522,82.7417,83.3462,8004723.0
2020-05-06,83.3368,83.4876,81.1511,81.2924,7123700.0
2020-05-07,81.3093,82.0446,81.1963,81.9482,8182070.0
2020-05-08,81.8011,82.2568,80.3545,80.8036,8009374.0
2020-05-11,80.9174,81.0822,78.8046,79.0089,7719408.0
2020-05-12,79.618,80.0247,79.3334,80.0229,5584865.0
2020-05-13,79.6466,80.602,79.4791,80.3777,1174805.0
2020-05-14,80.4466,80.6327,79.4417,79.5248,6373703.0
2020-05-15,79.3649,82.0056,79.3016,81.5998,3458198.0
2020-05-18,81.7245,81.8923,80.9014,80.9812,7959697.0
2020-05-19,80.9912,81.2063,80.8387,81.0402,5215039.0
2020-05-20,81.2035,81.8143,80.9883,81.4387,9147487.0
2020-05-21,81.6919,81.7438,80.3122,80.5664,6359899.0
2020-05-22,80.6075,81.3865,80.592,81.2519,5954797.0
2020-05-25,81.4953,81.5332,80.0156,80.504,9272998.0
2020-05-26,80.0047,80.3294,79.9234,79.9345,5275574.0
2020-05-27,80.2709,82.2525,80.0479,81.8923,4380453.0
2020-05-28,81.9735,82.1744,80.1199,80.4159,4343645.0
2020-05-29,80.6453,80.6555,76.9321,77.0779,8875209.0
2020-06-01,76.8292,79.3337,76.6616,79.3123,7806463.0
2020-06-02,79.138,83.219,78.8553,82.9735,2470863.0
2020-06-03,83.0055,83.0194,82.2344,82.3958,5432404.0
2020-06-04,82.3921,82.3934,79.611,79.6414,4341524.0
2020-06-05,79.701,79.9737,79.1785,79.2192,6820304.0
2020-06-08,79.4466,79.7343,78.5278,78.8331,1470538.0
2020-06-09,78.4649,78.6598,78.4029,78.5822,7427105.0
2020-06-10,78.7846,78.8352,76.7575,77.0665,7682403.0
2020-06-11,77.0682,78.0261,77.0133,77.8709,3039240.0
2020-06-12,77.8289,78.7454,77.5147,78.6074,2355874.0
2020-06-15,78.3015,78.4397,76.2175,76.5749,6647812.0
2020-06-16,76.6768,77.5581,76.2938,77.5377,3313180.0
2020-06-17,77.0424,80.6433,77.0215,80.4094,9474204.0
2020-06-18,80.5474,80.8983,80.3909,80.6668,7977099.0
2020-06-19,80.3483,80.6971,80.1353,80.2012,9595117.0
2020-06-22,80.2126,80.2502,79.6589,80.0135,5812450.0
2020-06-23,79.9883,81.2978,79.6468,80.8997,9446331.0
2020-06-24,81.15,81.275,78.3876,78.4801,1125754.0
2020-06-25,78.443,78.7895,78.1212,78.7208,3609414.0
2020-06-26,78.5762,79.1402,78.181,78.1931,1020116.0
2020-06-29,78.0883,81.053,77.7534,80.7967,7098019.0
2020-06-30,81.0688,81.5304,80.4999,80.5619,5595945.0
2020-07-01,80.6762,83.3009,80.4697,82.9806,3589031.0
2020-07-02,82.8959,83.1015,81.2183,81.3939,3744599.0
2020-07-03,81.343,82.2598,81.1909,82.2547,6793807.0
2020-07-06,81.9137,82.8782,81.8281,82.7328,2622803.0
2020-07-07,82.8178,82.8845,81.4306,81.4875,5631020.0
2020-07-08,81.1081,81.9892,80.642,81.7561,6522345.0
2020-07-09,81.9187,83.5821,81.6958,83.537,3159808.0
2020-07-10,83.5654,83.6782,83.0736,83.0747,3055928.0
2020-07-13,83.5993,83.8522,80.6415,80.6451,4188054.0
2020-07-14,80.4104,80.8026,80.3133,80.6332,6329864.0
2020-07-15,80.6113,80.6953,79.2705,79.3728,3289548.0
2020-07-16,79.7504,80.0922,78.8332,78.9077,4413393.0
2020-07-17,79.1564,79.2568,78.7671,78.807,5891000.0
2020-07-20,78.6618,78.6899,76.1208,76.4838,2680715.0
2020-07-21,76.5291,76.6208,74.3448,74.347,6120354.0
2020-07-22,74.3474,75.055,74.1019,74.994,2242942.0
2020-07-23,75.0499,75.0544,73.9311,74.3177,3131745.0
2020-07-24,74.1804,74.3263,71.013,71.0422,3578596.0
2020-07-27,71.0254,72.1935,70.9214,72.0442,1268488.0
2020-07-28,71.7395,72.7147,71.6262,72.4028,9654460.0
2020-07-29,72.4287,72.5296,71.3868,71.5084,3773142.0
2020-07-30,71.5936,71.6978,69.4729,69.878,8241566.0
2020-07-31,69.8359,70.9782,69.5508,70.9273,9117592.0
2020-08-03,70.6242,71.4555,70.2061,71.3772,8205773.0
2020-08-04,71.5639,74.8026,71.3391,74.4528,8482259.0
2020-08-05,74.5246,75.1333,74.3881,75.0188,1900681.0
2020-08-06,74.8747,75.9478,74.7204,75.5458,4348033.0
2020-08-07,75.4897,75.5926,75.3179,75.3359,7715669.0
2020-08-10,75.0368,76.7242,74.8943,76.4415,6182502.0
2020-08-11,76.2341,77.3529,76.1057,77.3015,1050933.0
2020-08-12,77.1915,79.276,77.1598,79.0399,6106245.0
2020-08-13,79.2968,79.461,78.2238,78.3291,8240615.0
2020-08-14,78.1966,78.5451,77.4976,77.7425,8458637.0
2020-08-17,77.8742,77.9071,77.0388,77.1008,4454988.0
2020-08-18,76.991,78.6084,76.7108,78.1964,3126610.0
2020-08-19,78.2477,80.3613,78.1473,80.3036,3785994.0
2020-08-20,80.2735,80.5834,79.0414,79.6692,3667487.0
2020-08-21,79.8532,80.3107,78.767,79.0873,4119189.0
2020-08-24,78.9754,79.8449,78.8052,79.5395,3716068.0
2020-08-25,79.2086,79.4539,79.188,79.2083,5114763.0
2020-08-26,78.9187,80.578,78.4597,80.5627,1367829.0
2020-08-27,80.4493,80.5376,77.131,77.4382,3476795.0
2020-08-28,77.1823,77.5063,76.0358,76.3296,3832190.0
2020-08-31,76.4124,76.6312,75.1172,75.2956,2380065.0
2020-09-01,75.2028,75.3146,72.1362,72.2879,8901223.0
2020-09-02,72.742,72.7738,71.0458,71.0811,7079365.0
2020-09-03,70.7543,70.8378,69.7314,69.9542,9207888.0
2020-09-04,69.9919,70.1729,69.4613,69.7178,6054185.0
2020-09-07,69.5098,71.2944,69.4993,71.1115,1986718.0
2020-09-08,71.0187,71.2556,70.6268,70.8162,9141561.0
2020-09-09,70.8427,71.0203,69.397,69.5516,5122526.0
2020-09-10,69.1237,69.7403,68.9617,69.493,7159893.0
2020-09-11,69.5365,70.8472,69.4276,70.8024,4432140.0
2020-09-14,71.1589,71.1965,69.5568,69.6053,5448564.0
2020-09-15,69.5218,69.6053,68.4707,68.5074,5404232.0
2020-09-16,68.5545,69.7909,68.4317,69.1969,3562335.0
2020-09-17,69.3845,69.4474,68.9088,68.9382,5992475.0
2020-09-18,68.9083,69.765,68.8507,69.7413,7603588.0
2020-09-21,69.6341,69.7464,69.5358,69.7358,1182328.0
2020-09-22,69.3159,70.7653,69.177,70.6156,2178188.0
2020-09-23,70.7354,70.7513,69.3187,69.3493,8580180.0
2020-09-24,69.3286,69.583,69.3118,69.3458,6126760.0
2020-09-25,69.16,69.1893,68.9377,69.0997,9762976.0
2020-09-28,69.1229,69.1369,67.4699,67.6445,6442050.0
2020-09-29,67.5401,67.5634,65.6634,65.8152,6880643.0
2020-09-30,65.7232,66.6593,65.6355,66.6269,9091118.0
2020-10-01,66.7338,66.9419,66.136,66.2265,6944070.0
2020-10-02,65.992,66.207,64.9988,65.0536,3966601.0
2020-10-05,65.2338,65.2682,64.9448,64.9538,5751818.0
2020-10-06,64.7136,66.5263,64.5784,66.2698,3120517.0
2020-10-07,66.1536,66.4979,63.4885,63.6671,4008460.0
2020-10-08,63.991,64.0255,61.8489,62.0185,7122533.0
2020-10-09,62.2034,62.3127,61.0085,61.027,2340800.0
2020-10-12,61.0427,62.7,60.7887,62.6304,7047802.0
2020-10-13,62.4745,63.1244,62.4317,62.9535,6256570.0
2020-10-14,62.8654,63.8541,62.7461,63.8217,3775457.0
2020-10-15,63.834,64.1866,62.5082,62.5611,1404472.0
2020-10-16,62.5673,62.8047,61.3023,61.3478,7341624.0
2020-10-19,61.333,62.0613,61.1977,61.8443,8420523.0
2020-10-20,61.8392,62.1598,61.7091,61.9179,7570667.0
2020-10-21,61.8828,62.8543,61.3546,62.5302,4788205.0
2020-10-22,62.2917,62.4201,62.2216,62.3337,6881815.0
2020-10-23,62.2485,62.6552,62.2352,62.6504,4732788.0
2020-10-26,62.802,62.9115,62.7179,62.8355,4224340.0
2020-10-27,62.6081,63.8943,62.5164,63.7138,3944537.0
2020-10-28,63.6818,64.6833,63.3868,64.6377,2897675.0
2020-10-29,64.4975,64.9731,62.7003,62.8272,9724184.0
2020-10-30,62.8457,63.1081,60.3094,60.3953,6995925.0
2020-11-02,60.3332,61.6392,60.0459,61.4819,2574252.0
2020-11-03,61.7222,62.9156,61.5819,62.7936,8785346.0
2020-11-04,62.8778,63.0347,61.3672,61.6833,2361770.0
2020-11-05,61.4692,61.7968,59.5892,59.7023,6343105.0
2020-11-06,59.8084,59.9993,59.306,59.8164,2489783.0
2020-11-09,59.6938,61.0281,59.6281,60.8164,4251093.0
2020-11-10,60.7236,62.9828,60.42,62.7858,6926747.0
2020-11-11,62.8379,63.4597,62.6682,63.3704,9992094.0
2020-11-12,63.288,63.3196,62.8292,62.9665,9927057.0
2020-11-13,63.1152,63.2572,61.7507,61.9924,9060074.0
2020-11-16,61.8653,62.0878,61.813,62.0149,3119276.0
2020-11-17,61.9134,61.9865,61.5815,61.6984,1841559.0
2020-11-18,61.5913,61.8904,60.5811,60.6134,9150556.0
2020-11-19,60.5227,62.8755,60.3851,62.854,9308335.0
2020-11-20,63.0368,65.0851,62.9938,64.8751,3507549.0
2020-11-23,64.983,66.4367,64.8862,66.1989,1172591.0
2020-11-24,66.4984,66.6258,65.1041,65.1429,6831099.0
2020-11-25,65.5338,66.2093,65.2837,66.1435,1684813.0
2020-11-26,65.9631,67.0553,65.8846,66.9048,1364490.0
2020-11-27,66.9172,67.6164,66.5586,67.44,9434327.0
2020-11-30,67.2301,69.0978,67.1405,68.9542,5460885.0
2020-12-01,68.8123,70.0809,68.6555,69.7426,2008447.0
2020-12-02,69.6263,70.7834,69.563,70.6703,6891129.0
2020-12-03,70.4726,71.6709,70.3478,71.4803,4322759.0
2020-12-04,71.2813,72.0398,71.2674,71.9229,5826877.0
2020-12-07,71.8954,72.0451,69.4621,69.7067,9089794.0
2020-12-08,69.4823,70.2024,69.2895,69.8209,3140518.0
2020-12-09,69.9764,70.3444,69.0579,69.1505,6818510.0
2020-12-10,68.9825,69.1534,67.4297,67.6179,8456472.0
2020-12-11,68.1205,69.8259,67.9671,69.665,4814011.0
2020-12-14,69.5818,72.0425,69.4901,71.8339,9731228.0
2020-12-15,71.8476,73.7162,71.558,73.5888,5034766.0
2020-12-16,73.3366,73.987,73.2442,73.9328,5132764.0
2020-12-17,74.2665,75.7647,74.1449,75.7275,8957766.0
2020-12-18,75.9518,76.0492,75.508,75.7559,6723273.0
2020-12-21,75.8154,76.6407,75.6024,76.0397,8818360.0
2020-12-22,75.7687,75.8951,74.3963,74.5992,8113719.0
2020-12-23,74.6408,75.2401,74.5378,75.1356,7411302.0
2020-12-24,74.9126,75.3329,74.8966,75.2278,3173401.0
2020-12-25,75.5189,75.7479,73.115,73.5309,4589587.0
2020-12-28,73.6884,74.021,73.3938,73.4765,8780053.0
2020-12-29,73.495,73.6408,72.9773,73.3851,6544291.0
2020-12-30,72.912,75.8753,72.7053,75.7614,3521808.0
2020-12-31,75.5643,77.2244,75.2578,76.9783,3946174.0
2021-01-01,77.1183,77.2073,76.5847,77.0063,7982477.0
2021-01-04,77.2534,77.3794,76.9716,77.3575,2603671.0
2021-01-05,77.5845,77.587,77.3538,77.4303,2008893.0
2021-01-06,77.1042,77.1793,77.0943,77.1662,7885994.0
2021-01-07,77.2278,77.3614,75.3145,75.7192,3595480.0
2021-01-08,75.9226,76.025,75.4182,75.5299,7888712.0
2021-01-11,75.1985,75.5323,74.4479,74.5545,5802579.0
2021-01-12,74.553,74.5772,72.6013,72.9401,9980341.0
2021-01-13,72.993,73.7863,72.9109,73.6127,5724298.0
2021-01-14,73.5542,74.2493,73.3948,74.1345,8807369.0
2021-01-15,73.7712,74.0148,71.5279,71.8463,8653880.0
2021-01-18,71.7844,71.9299,71.6657,71.7026,2907858.0
2021-01-19,71.6405,73.1075,71.2838,72.9848,9965145.0
2021-01-20,72.9562,74.4307,72.7252,74.3732,7712212.0
2021-01-21,74.2623,75.8737,74.0754,75.7434,1964897.0
2021-01-22,75.6547,75.9541,75.6433,75.8077,1054343.0
2021-01-25,75.7998,75.8588,74.6268,74.6983,3442493.0
2021-01-26,74.7857,75.0033,73.1312,73.2959,1146191.0
2021-01-27,73.2368,73.9481,73.1883,73.7547,4218383.0
2021-01-28,73.6747,74.4805,73.6082,74.2618,9967267.0
2021-01-29,74.2799,76.1746,74.0609,75.9796,5310265.0
2021-02-01,75.5934,77.5059,74.9981,77.4806,1215137.0
2021-02-02,77.5784,77.9802,77.1197,77.3127,5445187.0
2021-02-03,77.3125,77.7568,75.6106,75.6467,2971939.0
2021-02-04,75.6546,75.7178,75.212,75.2343,8705755.0
2021-02-05,75.4255,75.8472,75.3343,75.5353,1815088.0
2021-02-08,75.1451,75.422,75.0848,75.2788,7935033.0
2021-02-09,74.8856,74.9675,74.4593,74.5274,5013720.0
2021-02-10,74.5814,74.9672,74.4635,74.8727,1169664.0
2021-02-11,74.8713,74.9912,74.1675,74.2221,7058208.0
2021-02-12,74.2555,74.2572,73.1633,73.4163,5095195.0
2021-02-15,73.3266,73.9512,73.1655,73.8327,7944000.0
2021-02-16,73.9625,74.287,73.3091,73.3229,6562664.0
2021-02-17,73.5038,73.8235,73.4634,73.6512,8085300.0
2021-02-18,73.7455,74.1861,73.4003,74.019,5143560.0
2021-02-19,73.9679,74.155,72.4926,72.558,1071447.0
2021-02-22,72.1533,72.4868,71.7493,71.9563,2175807.0
2021-02-23,72.1028,73.8826,71.8363,73.8164,5130111.0
2021-02-24,74.055,74.2052,72.3167,72.3305,4577266.0
2021-02-25,72.4538,72.678,69.6471,69.6912,8149270.0
2021-02-26,69.529,69.5309,67.384,67.4506,4704901.0
2021-03-01,67.5708,67.5944,67.4444,67.4962,8741677.0
2021-03-02,67.6498,68.0237,67.3708,67.5439,2689443.0
2021-03-03,67.8225,68.2141,67.3681,67.4149,4463864.0
2021-03-04,67.2586,69.2293,67.2111,68.8854,7806764.0
2021-03-05,68.8441,69.3592,65.5019,65.7238,2116851.0
2021-03-08,65.8538,66.3769,65.6626,66.1951,3892606.0
2021-03-09,66.2052,68.2548,65.7795,68.0546,7766706.0
2021-03-10,67.8534,68.0509,66.6894,66.725,6300885.0
2021-03-11,66.7982,66.9977,66.1361,66.2902,8002620.0
2021-03-12,66.3917,66.49,65.1454,65.4263,5641571.0
2021-03-15,65.4415,65.4626,64.3583,64.4128,8732721.0
2021-03-16,64.4502,64.5574,63.9424,64.0535,8896843.0
2021-03-17,64.0097,65.7429,63.9832,65.6974,9771029.0
2021-03-18,65.9543,68.116,65.8913,67.8724,2098134.0
2021-03-19,67.7107,67.726,67.448,67.4823,6320706.0
2021-03-22,67.3775,69.8349,67.098,69.7997,2028367.0
2021-03-23,69.8018,70.0845,69.7833,69.8548,3060044.0
2021-03-24,70.0173,72.1865,69.9551,72.061,3702877.0
2021-03-25,71.7756,72.1122,71.3771,71.9542,6815298.0
2021-03-26,71.7048,72.2762,71.6863,72.1324,4880934.0
2021-03-29,71.7435,72.8383,71.2411,72.6107,8782627.0
2021-03-30,72.6169,76.9415,72.5965,76.8106,3686880.0
2021-03-31,76.5834,78.1306,75.954,77.9853,6555065.0
2021-04-01,77.906,78.0897,76.8307,77.031,7868683.0
2021-04-02,77.1657,78.601,76.978,78.3715,9822783.0
2021-04-05,78.2385,78.2749,77.7474,77.8856,3207392.0
2021-04-06,77.9332,78.2678,77.0562,77.2282,7602431.0
2021-04-07,77.167,78.8107,76.8536,78.4885,1762972.0
2021-04-08,78.6281,78.6855,78.4622,78.5443,5890882.0
2021-04-09,78.643,79.1386,78.6214,78.9439,4724198.0
2021-04-12,78.7994,79.3495,78.3568,78.9762,9626949.0
2021-04-13,78.941,79.4739,78.6688,79.4593,7960413.0
2021-04-14,79.6787,80.1004,79.6763,80.0701,9345259.0
2021-04-15,80.1535,80.2351,77.2985,77.3933,8655057.0
2021-04-16,77.1072,78.5303,77.0159,78.3212,4696037.0
2021-04-19,78.4571,78.8028,76.7082,76.9888,7600103.0
2021-04-20,76.7678,76.9136,74.9062,75.0671,1274206.0
2021-04-21,75.3476,75.5247,74.7355,75.0019,6020980.0
2021-04-22,75.2051,75.8954,74.755,75.1252,1425700.0
2021-04-23,75.1829,75.4278,73.8419,74.2239,7517725.0
2021-04-26,74.2548,75.6162,74.0114,75.3321,9700502.0
2021-04-27,75.2904,75.4056,73.4894,73.5816,7132505.0
2021-04-28,73.7136,74.0518,72.7023,73.0671,8559436.0
2021-04-29,72.9954,73.0096,72.2606,72.3289,3109299.0
2021-04-30,72.374,72.4982,72.1592,72.2812,9945158.0
2021-05-03,72.448,73.0512,72.4442,72.6494,5956830.0
2021-05-04,72.5414,72.6888,71.161,71.3808,7070061.0
2021-05-05,71.2645,72.5432,71.1597,72.3103,7935483.0
2021-05-06,72.0818,72.814,71.8197,72.4024,6756335.0
2021-05-07,72.1985,72.2238,69.7688,70.0375,3854085.0
2021-05-10,69.6987,70.1676,67.5887,67.6702,6502872.0
2021-05-11,67.8009,68.0698,67.4385,67.6665,6885758.0
2021-05-12,67.9903,68.0999,67.3495,67.4142,8716044.0
2021-05-13,67.6684,67.8371,67.0394,67.3022,5333323.0
2021-05-14,67.0127,67.3599,66.9531,67.2799,5516197.0
2021-05-17,67.4089,67.621,67.3101,67.559,5528429.0
2021-05-18,67.8132,68.8931,67.5271,68.7089,2029786.0
2021-05-19,68.6258,68.7807,67.3209,67.3863,1810495.0
2021-05-20,67.4044,67.6351,65.7736,66.0183,1183890.0
2021-05-21,65.6676,65.668,64.6211,64.7679,6995954.0
2021-05-24,64.8136,65.1686,64.8027,65.1093,4769736.0
2021-05-25,64.9261,66.6678,64.735,66.5657,8791183.0
2021-05-26,66.6008,66.6291,65.9899,66.0718,7320135.0
2021-05-27,65.7989,65.8773,63.1803,63.23,2272881.0
2021-05-28,63.3208,63.384,61.2341,61.3678,1900659.0
2021-05-31,61.5341,61.685,60.2619,60.4825,4294950.0
2021-06-01,60.3571,60.4335,59.6461,59.9001,9288492.0
2021-06-02,59.7199,59.7367,59.0623,59.4798,1438007.0
2021-06-03,59.1405,59.6484,58.9531,59.5299,2686609.0
2021-06-04,59.488,59.6061,59.1016,59.2131,1266686.0
2021-06-07,59.1219,60.5481,58.8384,60.329,4722980.0
2021-06-08,60.0814,60.2579,59.3788,59.6236,9906926.0
2021-06-09,59.695,59.7091,58.4175,58.7331,7153430.0
2021-06-10,58.6631,59.3942,58.5511,59.2408,5441243.0
2021-06-11,59.0722,59.2155,57.6116,57.6671,2299580.0
2021-06-14,57.5825,58.1719,57.4715,58.0743,4199671.0
2021-06-15,58.2389,58.4846,58.0732,58.1888,5720884.0
2021-06-16,58.2816,58.4602,57.782,58.0471,3473893.0
2021-06-17,58.0271,59.8021,57.9869,59.7059,7345535.0
2021-06-18,59.8037,59.8771,58.7771,59.0638,9820113.0
2021-06-21,58.8824,61.2672,58.4502,61.2596,2853478.0
2021-06-22,61.2648,61.4748,60.7344,61.0264,3270257.0
2021-06-23,61.0502,61.0538,59.4892,59.6768,2136101.0
2021-06-24,59.6026,59.9751,59.4166,59.7601,7531375.0
2021-06-25,59.829,59.9266,58.3826,58.6459,5155485.0
2021-06-28,58.5248,58.6099,57.6479,57.8828,3553822.0
2021-06-29,57.9608,58.6292,57.5396,58.299,2972663.0
2021-06-30,58.3841,58.8828,58.3008,58.8826,1634405.0
2021-07-01,58.4282,58.8199,58.0187,58.2494,5285412.0
2021-07-02,58.4328,59.3459,58.0407,59.2824,7149489.0
2021-07-05,58.8044,60.868,58.7613,60.5149,3115262.0
2021-07-06,60.4163,62.3711,60.359,62.0777,1014677.0
2021-07-07,62.2461,63.0144,62.1244,62.6702,5259916.0
2021-07-08,62.6176,64.4024,62.576,64.206,7081736.0
2021-07-09,63.9569,64.1319,62.0474,62.121,4104973.0
2021-07-12,61.9412,62.0754,61.7238,61.7837,3253389.0
2021-07-13,61.9515,61.9932,60.7982,60.8559,2388630.0
2021-07-14,60.5465,61.2268,60.3464,60.9939,7714938.0
2021-07-15,61.176,61.2943,60.2713,60.3919,8754096.0
2021-07-16,60.3831,60.5056,60.2227,60.2249,7927751.0
2021-07-19,60.035,62.4358,59.875,62.268,5663685.0
2021-07-20,62.1719,62.3212,61.9447,62.0919,7516965.0
2021-07-21,61.9248,62.6088,61.6607,62.5569,4572254.0
2021-07-22,62.7002,62.9542,62.0431,62.3112,1220350.0
2021-07-23,62.4319,62.4903,62.2631,62.4046,4308189.0
2021-07-26,62.1207,62.561,61.9239,62.4213,7333629.0
2021-07-27,62.3546,63.0912,62.2134,62.927,6826069.0
2021-07-28,62.7833,64.4713,62.7172,64.2442,9911310.0
2021-07-29,64.4641,66.3587,64.2515,66.1491,9977482.0
2021-07-30,65.9128,66.6728,65.8344,66.5221,3183628.0
2021-08-02,66.8044,67.7809,66.7626,67.2283,1086069.0
2021-08-03,67.2224,67.5787,65.6509,65.8881,3468147.0
2021-08-04,65.6855,66.0773,65.593,65.7967,8885259.0
2021-08-05,65.6788,66.9884,65.6654,66.9079,8321738.0
2021-08-06,66.7659,68.1017,66.4694,67.9487,1888781.0
2021-08-09,67.7195,68.55,67.6961,68.2138,2443571.0
2021-08-10,68.2309,69.5629,68.1686,69.2999,6071727.0
2021-08-11,69.0747,69.9188,68.9011,69.9137,6945253.0
2021-08-12,69.5104,71.4841,69.3638,71.4212,9841013.0
2021-08-13,71.3495,71.8267,71.0847,71.7983,7795237.0
2021-08-16,71.4558,71.5045,71.35,71.3608,2906698.0
2021-08-17,71.2188,72.141,70.9393,71.7964,1334445.0
2021-08-18,71.6237,71.7145,67.7875,68.1905,6702541.0
2021-08-19,68.0333,68.8132,68.022,68.6637,5983858.0
2021-08-20,69.0272,69.2693,64.3869,64.3946,9295788.0
2021-08-23,64.4043,64.6303,62.3404,62.4767,6182895.0
2021-08-24,62.5172,63.1293,62.0701,62.9867,5511161.0
2021-08-25,62.6907,63.5859,62.6782,63.5298,3730986.0
2021-08-26,63.4198,63.8985,62.1744,62.2505,1776418.0
2021-08-27,62.286,62.6837,61.4787,61.4835,8887102.0
2021-08-30,61.3168,63.1905,60.9484,62.9981,8434571.0
2021-08-31,63.1495,63.2501,62.3302,62.4727,2464747.0
2021-09-01,62.2739,65.0264,62.0902,65.0042,7335025.0
2021-09-02,64.955,65.0485,64.8324,65.0126,4277752.0
2021-09-03,64.9117,65.8761,64.7503,65.4927,4933318.0
2021-09-06,65.5212,67.6549,65.2638,67.3983,8638018.0
2021-09-07,67.2841,67.5708,67.0136,67.5652,8578233.0
2021-09-08,67.5168,67.5784,66.289,66.3919,2715784.0
2021-09-09,66.3504,66.497,66.1838,66.2743,3768488.0
2021-09-10,66.1455,66.249,66.098,66.2434,8392367.0
2021-09-13,66.3284,66.6468,64.5223,64.6783,9252939.0
2021-09-14,64.7191,64.9928,64.2053,64.3975,1711622.0
2021-09-15,64.3824,64.5141,63.3711,63.5703,8502346.0
2021-09-16,63.4979,65.0195,63.3802,64.6257,5403061.0
2021-09-17,64.7619,64.7682,64.4749,64.6756,6312806.0
2021-09-20,64.6353,64.8346,64.0623,64.3643,1677975.0
2021-09-21,64.312,64.3223,64.2119,64.2542,7123223.0
2021-09-22,64.272,64.524,64.2268,64.518,7101132.0
2021-09-23,64.8076,65.3487,64.477,65.2344,6964345.0
2021-09-24,65.003,65.0263,63.976,64.1045,8115413.0
2021-09-27,64.2351,64.2964,62.8918,62.9478,9514508.0
2021-09-28,62.6325,64.3477,62.5737,64.1967,8648726.0
2021-09-29,64.2336,64.2577,63.6933,63.7418,7703052.0
2021-09-30,64.0074,64.1246,62.0398,62.1787,9831360.0
2021-10-01,62.259,63.1099,62.1143,62.6775,7070891.0
2021-10-04,62.7057,63.2191,62.6442,63.2021,7048141.0
2021-10-05,63.1083,63.4009,61.4812,61.5284,5878513.0
2021-10-06,61.5335,61.8243,61.4675,61.788,7921557.0
2021-10-07,61.7468,62.6537,61.4934,62.605,1642382.0
2021-10-08,62.4748,63.2799,62.3238,63.03,5551824.0
2021-10-11,62.9817,63.8324,62.8641,63.7469,4827889.0
2021-10-12,63.7803,63.8206,61.9876,62.1974,9214632.0
2021-10-13,62.0711,62.8695,61.9892,62.5717,1653046.0
2021-10-14,62.4383,62.4798,62.0252,62.2487,6793825.0
2021-10-15,62.0247,62.2822,61.5627,61.7309,2658969.0
2021-10-18,61.7947,62.8167,61.7421,62.6962,8951962.0
2021-10-19,62.7867,64.6783,62.5919,64.364,8666687.0
2021-10-20,64.4035,66.4562,64.3446,66.4445,3119068.0
2021-10-21,66.6142,68.5021,66.4762,68.0144,8845353.0
2021-10-22,68.0302,68.1293,67.7713,67.8939,5470640.0
2021-10-25,67.9643,68.4858,67.8259,68.3287,9739394.0
2021-10-26,68.3836,69.5218,68.176,69.2703,7568370.0
2021-10-27,69.2536,69.9153,69.2025,69.4298,1310173.0
2021-10-28,69.3323,69.7725,69.1972,69.6014,2824495.0
2021-10-29,70.0091,70.7023,69.7459,70.6315,4632381.0
